{"cameraMode":{"drawMode":0,"name":"Shaded","section":"Shading Mode"},"sceneLighting":false,"audioPlay":false,"sceneViewState":{"showFog":true,"showMaterialUpdate":false,"showSkybox":false,"showFlares":true,"showImageEffects":true,"showParticleSystems":true},"in2DMode":false,"pivot":{"x":23.799999237060548,"y":-0.30000004172325137,"z":23.799999237060548},"rotation":{"x":-0.12582151591777802,"y":0.764890730381012,"z":-0.1572895348072052,"w":-0.6118605732917786},"size":13.088333129882813,"orthographic":false}